--SAMPLE DATABASE
-- Owned by IBM, Inc.

DROP TABLE emp;
DROP TABLE dept;
DROP TABLE project;
DROP TABLE empprojact;

-- Create the table EMP
CREATE TABLE emp
	(empNo  CHAR(6) NOT NULL PRIMARY KEY,
	 firstNme  VARCHAR(12) NOT NULL,
	 midInit CHAR(1),
	 lastName VARCHAR(15) NOT NULL,
	 workDept VARCHAR(3),
	  phoneNo CHAR(4),
	  hireDate DATE,
	  job CHAR(8),
	  edLevel SMALLINT NOT NULL,
	  sex CHAR(1),
	  birthDate DATE,
	  salary DECIMAL(9,2),
	  bonus DECIMAL(9,2),
	  comm DECIMAL(9,2));

-- Set constraints 
ALTER TABLE emp 
	ADD CONSTRAINT sex_cons
	CHECK (sex IN ('M','F'));

CALL SYSPROC.ADMIN_CMD ('REORG  TABLE  emp');


-- Insert the rows 
INSERT INTO EMP VALUES('000010','CHRISTINE', 'I', 'HAAS','A00','3978', '1995-01-01','PRES','18','F','1963-08-24','152750','1000','4220');
INSERT INTO EMP VALUES('000020','MICHAEL', 'L', 'THOMPSON','B01','3476', '2003-10-10','MANAGER','18','M','1978-02-02','94250','800','3300');
INSERT INTO EMP VALUES('000030','SALLY', 'A', 'KWAN','C01','4738', '2005-04-05','MANAGER','20','F','1971-05-11','98250','800','3060');
INSERT INTO EMP VALUES('000050','JOHN', 'B', 'GEYER','E01','6789', '1979-08-17','MANAGER','16','M','1955-09-15','80175','800','3214');
INSERT INTO EMP VALUES('000060','IRVING', 'F', 'STERN','D11','6423', '2003-09-14','MANAGER','16','M','1975-07-07','72250','500','2580');
INSERT INTO EMP VALUES('000070','EVA', 'D', 'PULASKI','D21','7831', '2005-09-30','MANAGER','16','F','2003-05-26','96170','700','2893');
INSERT INTO EMP VALUES('000090','EILEEN', 'W', 'HENDERSON','E11','5498', '2000-08-15','MANAGER','16','F','1971-05-15','89750','600','2380');
INSERT INTO EMP VALUES('000100','THEODORE', 'Q', 'SPENSER','E21','972', '2000-06-19','MANAGER','14','M','1980-12-18','86150','500','2092');
INSERT INTO EMP VALUES('000110','VINCENZO', 'G', 'LUCCHESSI','A00','3490', '1988-05-16','SALESREP','19','M','1959-11-05','66500','900','3720');
INSERT INTO EMP VALUES('000120','SEAN', NULL, 'OCONNELL','A00','2167', '1993-12-05','CLERK','14','M','1972-10-18','49250','600','2340');
INSERT INTO EMP VALUES('000130','DELORES', 'M', 'QUINTANA','C01','4578', '2001-07-28','ANALYST','16','F','1955-09-15','73800','500','1904');
INSERT INTO EMP VALUES('000140','HEATHER', 'A', 'NICHOLLS','C01','1793', '2006-12-15','ANALYST','18','F','1976-01-19','68420','600','2274');
INSERT INTO EMP VALUES('000150','BRUCE', NULL, 'ADAMSON','D11','4510', '2002-02-12','DESIGNER','16','M','1977-05-17','55280','500','2022');
INSERT INTO EMP VALUES('000160','ELIZABETH', 'R', 'PIANKA','D11','3782', '2006-10-11','DESIGNER','17','F','1980-04-12','62250','400','1780');
INSERT INTO EMP VALUES('000170','MASATOSHI', 'J', 'YOSHIMURA','D11','2890', '1999-09-15','DESIGNER','16','M','1981-01-05','44680','500','1974');
INSERT INTO EMP VALUES('000180','MARILYN', 'S', 'SCOUTTEN','D11','1682', '2003-07-07','DESIGNER','17','F','1979-02-21','51340','500','1707');
INSERT INTO EMP VALUES('000190','JAMES', 'H', 'WALKER','D11','2986', '2004-07-26','DESIGNER','16','M','1982-06-25','50450','400','1636');
INSERT INTO EMP VALUES('000200','DAVID', NULL, 'BROWN','D11','4501', '2002-03-03','DESIGNER','16','M','1971-05-29','57740','600','2217');
INSERT INTO EMP VALUES('000210','WILLIAM', 'T', 'JONES','D11','942', '1998-04-11','DESIGNER','17','M','2003-02-23','68270','400','1462');
INSERT INTO EMP VALUES('000220','JENNIFER', 'K', 'LUTZ','D11','672', '1998-08-29','DESIGNER','18','F','1978-03-19','49840','600','2387');
INSERT INTO EMP VALUES('000230','JAMES', 'J', 'JEFFERSON','D21','2094', '1996-11-21','CLERK','14','M','1980-05-30','42180','400','1774');
INSERT INTO EMP VALUES('000240','SALVATORE', 'M', 'MARINO','D21','3780', '2004-12-05','CLERK','17','M','2002-03-31','48760','600','2301');
INSERT INTO EMP VALUES('000250','DANIEL', 'S', 'SMITH','D21','961', '1999-10-30','CLERK','15','M','1969-11-12','49180','400','1534');
INSERT INTO EMP VALUES('000260','SYBIL', 'P', 'JOHNSON','D21','8953', '2005-09-11','CLERK','16','F','1976-10-05','47250','300','1380');
INSERT INTO EMP VALUES('000270','MARIA', 'L', 'PEREZ','D21','9001', '2006-09-30','CLERK','15','F','2003-05-26','37380','500','2190');
INSERT INTO EMP VALUES('000280','ETHEL', 'R', 'SCHNEIDER','E11','8997', '1997-03-24','OPERATOR','17','F','1976-03-28','36250','500','2100');
INSERT INTO EMP VALUES('000290','JOHN', 'R', 'PARKER','E11','4502', '2006-05-30','OPERATOR','12','M','1985-07-09','35340','300','1227');
INSERT INTO EMP VALUES('000300','PHILIP', 'X', 'SMITH','E11','2095', '2002-06-19','OPERATOR','14','M','1976-10-27','37750','400','1420');
INSERT INTO EMP VALUES('000310','MAUDE', 'F', 'SETRIGHT','E11','3332', '1994-09-12','OPERATOR','12','F','1961-04-21','35900','300','1272');
INSERT INTO EMP VALUES('000320','RAMLAL', 'V', 'MEHTA','E21','9990', '1995-07-07','FIELDREP','16','M','1962-08-11','39950','400','1596');
INSERT INTO EMP VALUES('000330','WING', NULL, 'LEE','E21','2103', '2006-02-23','FIELDREP','14','M','1971-07-18','45370','500','2030');
INSERT INTO EMP VALUES('000340','JASON', 'R', 'GOUNOT','E21','5698', '1977-05-05','FIELDREP','16','M','1956-05-17','43840','500','1907');
INSERT INTO EMP VALUES('200010','DIAN', 'J', 'HEMMINGER','A00','3978', '1995-01-01','SALESREP','18','F','1973-08-14','46500','1000','4220');
INSERT INTO EMP VALUES('200120','GREG', NULL, 'ORLANDO','A00','2167', '2002-05-05','CLERK','14','M','1972-10-18','39250','600','2340');
INSERT INTO EMP VALUES('200140','KIM', 'N', 'NATZ','C01','1793', '2006-12-15','ANALYST','18','F','1976-01-19','68420','600','2274');
INSERT INTO EMP VALUES('200170','KIYOSHI', NULL, 'YAMAMOTO','D11','2890', '2005-09-15','DESIGNER','16','M','1981-01-05','64680','500','1974');
INSERT INTO EMP VALUES('200220','REBA', 'K', 'JOHN','D11','672', '2005-08-29','DESIGNER','18','F','1978-03-19','69840','600','2387');
INSERT INTO EMP VALUES('200240','ROBERT', 'M', 'MONTEVERDE','D21','3780', '2004-12-05','CLERK','17','M','1984-03-31','37760','600','2301');
INSERT INTO EMP VALUES('200280','EILEEN', 'R', 'SCHWARTZ','E11','8997', '1997-03-24','OPERATOR','17','F','1966-03-28','46250','500','2100');
INSERT INTO EMP VALUES('200310','MICHELLE', 'F', 'SPRINGER','E11','3332', '1994-09-12','OPERATOR','12','F','1961-04-21','35900','300','1272');
INSERT INTO EMP VALUES('200330','HELENA', NULL, 'WONG','E21','2103', '2006-02-23','FIELDREP','14','F','1971-07-18','35370','500','2030');
INSERT INTO EMP VALUES('200340','ROY', 'R', 'ALONZO','E21','5698', '1997-07-05','FIELDREP','16','M','1956-05-17','31840','500','1907');

-- Create table DEPT
CREATE TABLE dept(
	deptNo VARCHAR(3) NOT NULL PRIMARY KEY,
	deptName VARCHAR(36) NOT NULL,
	mgrNo CHAR(6),
	admrDept CHAR(3) NOT NULL,
	location CHAR(16));

--Insert rows DEPT
Insert into dept values('A00', 'SPIFFY COMPUTER SERVICE DIV.', '000010', 'A00', NULL);
Insert into dept values('B01', 'PLANNING', '000020', 'A00',NULL);
Insert into dept values('C01', 'INFORMATION CENTER', '000030', 'A00',NULL);
Insert into dept values('D01', 'DEVELOPMENT CENTER', NULL, 'A00',NULL);
Insert into dept values('D11', 'MANUFACTURING SYSTEMS', '000060', 'D01',NULL);
Insert into dept values('D21', 'ADMINISTRATION SYSTEMS', '000070', 'D01',NULL);
Insert into dept values('E01', 'SUPPORT SERVICES', '000050', 'A00',NULL);
Insert into dept values('E11', 'OPERATIONS', '000090', 'E01',NULL);
Insert into dept values('E21', 'SOFTWARE SUPPORT', '000100', 'E01',NULL);
Insert into dept values('F22', 'BRANCH OFFICE F2', NULL, 'E01',NULL);
Insert into dept values('G22', 'BRANCH OFFICE G2', NULL, 'E01',NULL);
Insert into dept values('H22', 'BRANCH OFFICE H2', NULL, 'E01',NULL);
Insert into dept values('I22', 'BRANCH OFFICE I2', NULL, 'E01',NULL);
Insert into dept values('J22', 'BRANCH OFFICE J2', NULL, 'E01',NULL);


--Create table PROJECT
CREATE TABLE project(
	projNo VARCHAR(6) NOT NULL PRIMARY KEY,
	projName VARCHAR(24) NOT NULL,
	deptNo VARCHAR(3) NOT NULL,
	respemp VARCHAR(6) NOT NULL,
	prstaff DECIMAL(10,2),
	prStDate DATE,
	prEnDate DATE,
	majProj VARCHAR(6));

--Insert rows to PROJECT
INSERT INTO PROJECT VALUES('AD3100', 'ADMIN SERVICES', 'D01', '000010',6.5, '2002-01-01', '2003-02-01', NULL);
INSERT INTO PROJECT VALUES('AD3110', 'GENERAL ADMIN SYSTEMS', 'D21', '000070',6, '2002-01-01', '2003-02-01', 'AD3100');
INSERT INTO PROJECT VALUES('AD3111', 'PAYROLL PROGRAMMING', 'D21', '000230',2, '2002-01-01', '2003-02-01', 'AD3110');
INSERT INTO PROJECT VALUES('AD3112', 'PERSONNEL PROGRAMMING', 'D21', '000250',1, '2002-01-01', '2003-02-01', 'AD3110');
INSERT INTO PROJECT VALUES('AD3113', 'ACCOUNT PROGRAMMING', 'D21', '000270',2, '2002-01-01', '2003-02-01', 'AD3110');
INSERT INTO PROJECT VALUES('IF1000', 'QUERY SERVICES', 'C01', '000030',2, '2002-01-01', '2003-02-01', NULL);
INSERT INTO PROJECT VALUES('IF2000', 'USER EDUCATION', 'C01', '000030',1, '2002-01-01', '2003-02-01', NULL);
INSERT INTO PROJECT VALUES('MA2100', 'WELD LINE AUTOMATION', 'D01', '000010',12, '2002-01-01', '2003-02-01', NULL);
INSERT INTO PROJECT VALUES('MA2110', 'W L PROGRAMMING', 'D11', '000060',9, '2002-01-01', '2003-02-01', 'MA2100');
INSERT INTO PROJECT VALUES('MA2111', 'W L PROGRAM DESIGN', 'D11', '000220',2, '2002-01-01', '1982-12-01', 'MA2110');
INSERT INTO PROJECT VALUES('MA2112', 'W L ROBOT DESIGN', 'D11', '000150',3, '2002-01-01', '1982-12-01', 'MA2110');
INSERT INTO PROJECT VALUES('MA2113', 'W L PROD CONT PROGS', 'D11', '000160',3, '2002-02-15', '1982-12-01', 'MA2110');
INSERT INTO PROJECT VALUES('OP1000', 'OPERATION SUPPORT', 'E01', '000050',6, '2002-01-01', '2003-02-01', NULL);
INSERT INTO PROJECT VALUES('OP1010', 'OPERATION', 'E11', '000090',5, '2002-01-01', '2003-02-01', 'OP1000');
INSERT INTO PROJECT VALUES('OP2000', 'GEN SYSTEMS SERVICES', 'E01', '000050',5, '2002-01-01', '2003-02-01', NULL);
INSERT INTO PROJECT VALUES('OP2010', 'SYSTEMS SUPPORT', 'E21', '000100',4, '2002-01-01', '2003-02-01', 'OP2000');
INSERT INTO PROJECT VALUES('OP2011', 'SCP SYSTEMS SUPPORT', 'E21', '000320',1, '2002-01-01', '2003-02-01', 'OP2010');
INSERT INTO PROJECT VALUES('OP2012', 'APPLICATIONS SUPPORT', 'E21', '000330',1, '2002-01-01', '2003-02-01', 'OP2010');
INSERT INTO PROJECT VALUES('OP2013', 'DB/DC SUPPORT', 'E21', '000340',1, '2002-01-01', '2003-02-01', 'OP2010');
INSERT INTO PROJECT VALUES('PL2100', 'WELD LINE PLANNING', 'B01', '000020',1, '2002-01-01', '2002-09-15', 'MA2100');

--Create table EMPPROJACT
CREATE TABLE empprojact(
	empNo VARCHAR(6) NOT NULL,
	projNo VARCHAR(6) NOT NULL,
	actNo SMALLINT NOT NULL,
	empTime DECIMAL(10,2),
	empStDate DATE,
	emEnDate DATE); 

--Insert rows to EMPPROJACT
INSERT INTO EMPPROJACT VALUES('000010', 'AD3100', '10', 0.5,'2002-01-01', '2002-07-01');
INSERT INTO EMPPROJACT VALUES('000070', 'AD3110', '10', 1,'2002-01-01', '2003-02-01');
INSERT INTO EMPPROJACT VALUES('000230', 'AD3111', '60', 1,'2002-01-01', '2002-03-15');
INSERT INTO EMPPROJACT VALUES('000230', 'AD3111', '60', 0.5,'2002-03-15', '2002-04-15');
INSERT INTO EMPPROJACT VALUES('000230', 'AD3111', '70', 0.5,'2002-03-15', '2002-10-15');
INSERT INTO EMPPROJACT VALUES('000230', 'AD3111', '80', 0.5,'2002-04-15', '2002-10-15');
INSERT INTO EMPPROJACT VALUES('000230', 'AD3111', '180', 0.5,'2002-10-15', '2003-01-01');
INSERT INTO EMPPROJACT VALUES('000240', 'AD3111', '70', 1,'2002-02-15', '2002-09-15');
INSERT INTO EMPPROJACT VALUES('000240', 'AD3111', '80', 1,'2002-09-15', '2003-01-01');
INSERT INTO EMPPROJACT VALUES('000250', 'AD3112', '60', 1,'2002-01-01', '2002-02-01');
INSERT INTO EMPPROJACT VALUES('000250', 'AD3112', '60', 0.5,'2002-02-01', '2002-03-15');
INSERT INTO EMPPROJACT VALUES('000250', 'AD3112', '60', 1,'2003-01-01', '2003-02-01');
INSERT INTO EMPPROJACT VALUES('000250', 'AD3112', '70', 0.5,'2002-02-01', '2002-03-15');
INSERT INTO EMPPROJACT VALUES('000250', 'AD3112', '70', 1,'2002-03-15', '2002-08-15');
INSERT INTO EMPPROJACT VALUES('000250', 'AD3112', '70', 0.25,'2002-08-15', '2002-10-15');
INSERT INTO EMPPROJACT VALUES('000250', 'AD3112', '80', 0.25,'2002-08-15', '2002-10-15');
INSERT INTO EMPPROJACT VALUES('000250', 'AD3112', '80', 0.5,'2002-10-15', '2002-12-01');
INSERT INTO EMPPROJACT VALUES('000250', 'AD3112', '180', 0.5,'2002-08-15', '2003-01-01');
INSERT INTO EMPPROJACT VALUES('000260', 'AD3113', '70', 0.5,'2002-06-15', '2002-07-01');
INSERT INTO EMPPROJACT VALUES('000260', 'AD3113', '70', 1,'2002-07-01', '2003-02-01');
INSERT INTO EMPPROJACT VALUES('000260', 'AD3113', '80', 1,'2002-01-01', '2002-03-01');
INSERT INTO EMPPROJACT VALUES('000260', 'AD3113', '80', 0.5,'2002-03-01', '2002-04-15');
INSERT INTO EMPPROJACT VALUES('000260', 'AD3113', '180', 0.5,'2002-03-01', '2002-04-15');
INSERT INTO EMPPROJACT VALUES('000260', 'AD3113', '180', 1,'2002-04-15', '2002-06-01');
INSERT INTO EMPPROJACT VALUES('000260', 'AD3113', '180', 1,'2002-06-01', '2002-07-01');
INSERT INTO EMPPROJACT VALUES('000270', 'AD3113', '60', 0.5,'2002-03-01', '2002-04-01');
INSERT INTO EMPPROJACT VALUES('000270', 'AD3113', '60', 1,'2002-04-01', '2002-09-01');
INSERT INTO EMPPROJACT VALUES('000270', 'AD3113', '60', 0.25,'2002-09-01', '2002-10-15');
INSERT INTO EMPPROJACT VALUES('000270', 'AD3113', '70', 0.75,'2002-09-01', '2002-10-15');
INSERT INTO EMPPROJACT VALUES('000270', 'AD3113', '70', 1,'2002-10-15', '2003-02-01');
INSERT INTO EMPPROJACT VALUES('000270', 'AD3113', '80', 1,'2002-01-01', '2002-03-01');
INSERT INTO EMPPROJACT VALUES('000270', 'AD3113', '80', 0.5,'2002-03-01', '2002-04-01');
INSERT INTO EMPPROJACT VALUES('000030', 'IF1000', '10', 0.5,'2002-06-01', '2003-01-01');
INSERT INTO EMPPROJACT VALUES('000130', 'IF1000', '90', 1,'2002-10-01', '2003-01-01');
INSERT INTO EMPPROJACT VALUES('000130', 'IF1000', '100', 0.5,'2002-10-01', '2003-01-01');
INSERT INTO EMPPROJACT VALUES('000140', 'IF1000', '90', 0.5,'2002-10-01', '2003-01-01');
INSERT INTO EMPPROJACT VALUES('000030', 'IF2000', '10', 0.5,'2002-01-01', '2003-01-01');
INSERT INTO EMPPROJACT VALUES('000140', 'IF2000', '100', 1,'2002-01-01', '2002-03-01');
INSERT INTO EMPPROJACT VALUES('000140', 'IF2000', '100', 0.5,'2002-03-01', '2002-07-01');
INSERT INTO EMPPROJACT VALUES('000140', 'IF2000', '110', 0.5,'2002-03-01', '2002-07-01');
INSERT INTO EMPPROJACT VALUES('000140', 'IF2000', '110', 0.5,'2002-10-01', '2003-01-01');
INSERT INTO EMPPROJACT VALUES('000010', 'MA2100', '10', 0.5,'2002-01-01', '2002-11-01');
INSERT INTO EMPPROJACT VALUES('000110', 'MA2100', '20', 1,'2002-01-01', '2003-03-01');
INSERT INTO EMPPROJACT VALUES('000010', 'MA2110', '10', 1,'2002-01-01', '2003-02-01');
INSERT INTO EMPPROJACT VALUES('000200', 'MA2111', '50', 1,'2002-01-01', '2002-06-15');
INSERT INTO EMPPROJACT VALUES('000200', 'MA2111', '60', 1,'2002-06-15', '2003-02-01');
INSERT INTO EMPPROJACT VALUES('000220', 'MA2111', '40', 1,'2002-01-01', '2003-02-01');
INSERT INTO EMPPROJACT VALUES('000150', 'MA2112', '60', 1,'2002-01-01', '2002-07-15');
INSERT INTO EMPPROJACT VALUES('000150', 'MA2112', '180', 1,'2002-07-15', '2003-02-01');
INSERT INTO EMPPROJACT VALUES('000170', 'MA2112', '60', 1,'2002-01-01', '2003-06-01');
INSERT INTO EMPPROJACT VALUES('000170', 'MA2112', '70', 1,'2002-06-01', '2003-02-01');
INSERT INTO EMPPROJACT VALUES('000190', 'MA2112', '70', 1,'2002-01-01', '2002-10-01');
INSERT INTO EMPPROJACT VALUES('000190', 'MA2112', '80', 1,'2002-10-01', '2003-10-01');
INSERT INTO EMPPROJACT VALUES('000160', 'MA2113', '60', 1,'2002-07-15', '2003-02-01');
INSERT INTO EMPPROJACT VALUES('000170', 'MA2113', '80', 1,'2002-01-01', '2003-02-01');
INSERT INTO EMPPROJACT VALUES('000180', 'MA2113', '70', 1,'2002-04-01', '2002-06-15');
INSERT INTO EMPPROJACT VALUES('000210', 'MA2113', '80', 0.5,'2002-10-01', '2003-02-01');
INSERT INTO EMPPROJACT VALUES('000210', 'MA2113', '180', 0.5,'2002-10-01', '2003-02-01');
INSERT INTO EMPPROJACT VALUES('000050', 'OP1000', '10', 0.25,'2002-01-01', '2003-02-01');
INSERT INTO EMPPROJACT VALUES('000090', 'OP1010', '10', 1,'2002-01-01', '2003-02-01');
INSERT INTO EMPPROJACT VALUES('000280', 'OP1010', '130', 1,'2002-01-01', '2003-02-01');
INSERT INTO EMPPROJACT VALUES('000290', 'OP1010', '130', 1,'2002-01-01', '2003-02-01');
INSERT INTO EMPPROJACT VALUES('000300', 'OP1010', '130', 1,'2002-01-01', '2003-02-01');
INSERT INTO EMPPROJACT VALUES('000310', 'OP1010', '130', 1,'2002-01-01', '2003-02-01');
INSERT INTO EMPPROJACT VALUES('000050', 'OP2010', '10', 0.75,'2002-01-01', '2003-02-01');
INSERT INTO EMPPROJACT VALUES('000100', 'OP2010', '10', 1,'2002-01-01', '2003-02-01');
INSERT INTO EMPPROJACT VALUES('000320', 'OP2011', '140', 0.75,'2002-01-01', '2003-02-01');
INSERT INTO EMPPROJACT VALUES('000320', 'OP2011', '150', 0.25,'2002-01-01', '2003-02-01');
INSERT INTO EMPPROJACT VALUES('000330', 'OP2012', '140', 0.25,'2002-01-01', '2003-02-01');
INSERT INTO EMPPROJACT VALUES('000330', 'OP2012', '160', 0.75,'2002-01-01', '2003-02-01');
INSERT INTO EMPPROJACT VALUES('000340', 'OP2013', '140', 0.5,'2002-01-01', '2003-02-01');
INSERT INTO EMPPROJACT VALUES('000340', 'OP2013', '170', 0.5,'2002-01-01', '2003-02-01');
INSERT INTO EMPPROJACT VALUES('000020', 'PL2100', '30', 1,'2002-01-01', '2002-09-15');